brand_name,category_name,list_price,model_year,product_id,product_name
Electra,Children Bicycles,269.99,2016,21,Electra Cruiser 1 (24-Inch) - 2016
Electra,Children Bicycles,269.99,2016,22,Electra Girl's Hawaii 1 (16-inch) - 2015/2016
Electra,Children Bicycles,279.99,2018,282,Electra Cyclosaurus 1 (16-inch) - Boy's - 2018
Electra,Children Bicycles,279.99,2018,285,Electra Soft Serve 1 (16-inch) - Girl's - 2018
Electra,Children Bicycles,279.99,2018,286,"""Electra Starship 1 16"""" - 2018"""
Electra,Children Bicycles,279.99,2018,287,Electra Straight 8 1 (16-inch) - Boy's - 2018
Electra,Children Bicycles,279.99,2018,297,"""Electra Under-The-Sea 1 16"""" - 2018"""
Electra,Children Bicycles,279.99,2018,298,Electra Water Lily 1 (16-inch) - Girl's - 2018
Electra,Children Bicycles,299.99,2016,23,Electra Girl's Hawaii 1 (20-inch) - 2015/2016
Electra,Children Bicycles,299.99,2017,95,"""Electra Girl's Hawaii 1 16"""" - 2017"""
Electra,Children Bicycles,299.99,2017,99,Electra Sugar Skulls 1 (20-inch) - Girl's - 2017
Electra,Children Bicycles,319.99,2018,281,Electra Cruiser 7D (24-Inch) Ladies' - 2016/2018
Electra,Children Bicycles,319.99,2018,283,Electra Heartchya 1 (20-inch) - Girl's - 2018
Electra,Children Bicycles,319.99,2018,284,Electra Savannah 1 (20-inch) - Girl's - 2018
Electra,Children Bicycles,319.99,2018,289,"""Electra Superbolt 1 20"""" - 2018"""
Electra,Children Bicycles,319.99,2018,291,Electra Sweet Ride 1 (20-inch) - Girl's - 2018
Electra,Children Bicycles,319.99,2018,293,Electra Tiger Shark 1 (20-inch) - Boys' - 2018
Electra,Children Bicycles,319.99,2018,295,"""Electra Treasure 1 20"""" - 2018"""
Electra,Children Bicycles,339.99,2017,101,Electra Townie 7D (20-inch) - Boys' - 2017
Electra,Children Bicycles,349.99,2017,96,Electra Moto 3i (20-inch) - Boy's - 2017
Electra,Children Bicycles,349.99,2017,97,Electra Savannah 3i (20-inch) - Girl's - 2017
Electra,Children Bicycles,369.99,2018,290,"""Electra Superbolt 3i 20"""" - 2018"""
Electra,Children Bicycles,369.99,2018,292,Electra Sweet Ride 3i (20-inch) - Girls' - 2018
Electra,Children Bicycles,369.99,2018,294,Electra Tiger Shark 3i (20-inch) - Boys' - 2018
Electra,Children Bicycles,369.99,2018,296,"""Electra Treasure 3i 20"""" - 2018"""
Electra,Children Bicycles,389.99,2018,288,Electra Straight 8 1 (20-inch) - Boy's - 2018
Electra,Children Bicycles,489.99,2017,98,Electra Straight 8 3i (20-inch) - Boy's - 2017
Electra,Children Bicycles,489.99,2017,100,Electra Townie 3i EQ (20-inch) - Boys' - 2017
Electra,Comfort Bicycles,449.99,2018,302,Electra Townie Original 1 - 2018
Electra,Comfort Bicycles,449.99,2018,313,Electra Townie Original 1 Ladies' - 2018
Electra,Comfort Bicycles,489.99,2017,102,Electra Townie Original 7D - 2017
Electra,Comfort Bicycles,499.99,2016,25,Electra Townie Original 7D - 2015/2016
Electra,Comfort Bicycles,549.99,2016,24,Electra Townie Original 21D - 2016
Electra,Comfort Bicycles,559.99,2018,299,Electra Townie Original 21D - 2018
Electra,Comfort Bicycles,559.99,2018,315,Electra Townie Original 21D Ladies' - 2018
Electra,Comfort Bicycles,599.99,2016,26,Electra Townie Original 7D EQ - 2016
Electra,Comfort Bicycles,679.99,2018,304,Electra Townie Original 21D EQ - 2017/2018
Electra,Comfort Bicycles,679.99,2018,314,Electra Townie Original 21D EQ Ladies' - 2018
Electra,Comfort Bicycles,699.99,2018,312,Electra Townie Commute 8D Ladies' - 2018
Electra,Comfort Bicycles,749.99,2018,305,Electra Townie Balloon 3i EQ - 2017/2018
Electra,Comfort Bicycles,749.99,2018,307,Electra Townie Balloon 8D EQ - 2016/2017/2018
Electra,Comfort Bicycles,749.99,2018,308,Electra Townie Balloon 8D EQ Ladies' - 2016/2017/2018
Electra,Comfort Bicycles,749.99,2018,311,Electra Townie Commute 8D - 2018
Electra,Comfort Bicycles,799.99,2018,300,Electra Townie Balloon 3i EQ Ladies' - 2018
Electra,Comfort Bicycles,899.99,2018,301,Electra Townie Balloon 7i EQ - 2018
Electra,Comfort Bicycles,899.99,2018,306,Electra Townie Balloon 7i EQ Ladies' - 2017/2018
Electra,Comfort Bicycles,899.99,2018,309,Electra Townie Commute 27D - 2018
Electra,Comfort Bicycles,899.99,2018,310,Electra Townie Commute 27D Ladies - 2018
Electra,Comfort Bicycles,2599.99,2018,303,Electra Townie Go! 8i - 2017/2018
Electra,Cruisers Bicycles,269.99,2016,13,Electra Cruiser 1 (24-Inch) - 2016
Electra,Cruisers Bicycles,269.99,2016,14,Electra Girl's Hawaii 1 (16-inch) - 2015/2016
Electra,Cruisers Bicycles,269.99,2018,213,Electra Cruiser 1 - 2016/2017/2018
Electra,Cruisers Bicycles,269.99,2018,220,Electra Cruiser 1 Ladies' - 2018
Electra,Cruisers Bicycles,269.99,2018,222,Electra Cruiser 1 Tall - 2016/2018
Electra,Cruisers Bicycles,299.99,2017,76,"""Electra Girl's Hawaii 1 16"""" - 2017"""
Electra,Cruisers Bicycles,319.99,2018,218,Electra Cruiser 7D - 2016/2017/2018
Electra,Cruisers Bicycles,319.99,2018,221,Electra Cruiser 7D Ladies' - 2016/2018
Electra,Cruisers Bicycles,319.99,2018,227,Electra Cruiser 7D (24-Inch) Ladies' - 2016/2018
Electra,Cruisers Bicycles,319.99,2018,228,Electra Cruiser 7D Tall - 2016/2018
Electra,Cruisers Bicycles,429.99,2018,229,Electra Cruiser Lux 1 - 2016/2018
Electra,Cruisers Bicycles,429.99,2018,230,Electra Cruiser Lux 1 Ladies' - 2018
Electra,Cruisers Bicycles,439.99,2017,74,Electra Cruiser Lux 1 - 2017
Electra,Cruisers Bicycles,479.99,2018,224,Electra Cruiser Lux 7D - 2018
Electra,Cruisers Bicycles,479.99,2018,232,Electra Cruiser Lux 7D Ladies' - 2018
Electra,Cruisers Bicycles,489.99,2017,64,Electra Townie Original 7D - 2017
Electra,Cruisers Bicycles,529.99,2016,15,Electra Moto 1 - 2016
Electra,Cruisers Bicycles,529.99,2018,223,Electra Cruiser Lux 3i - 2018
Electra,Cruisers Bicycles,529.99,2018,231,Electra Cruiser Lux 3i Ladies' - 2018
Electra,Cruisers Bicycles,549.99,2016,12,Electra Townie Original 21D - 2016
Electra,Cruisers Bicycles,559.99,2018,212,Electra Townie Original 21D - 2018
Electra,Cruisers Bicycles,559.99,2018,244,Electra Townie Original 21D Ladies' - 2018
Electra,Cruisers Bicycles,599.99,2016,16,Electra Townie Original 7D EQ - 2016
Electra,Cruisers Bicycles,599.99,2016,20,Electra Townie Original 7D EQ - Women's - 2016
Electra,Cruisers Bicycles,599.99,2017,75,Electra Cruiser Lux Fat Tire 1 Ladies - 2017
Electra,Cruisers Bicycles,599.99,2018,247,Electra Townie Original 7D EQ - 2018
Electra,Cruisers Bicycles,599.99,2018,248,Electra Townie Original 7D EQ Ladies' - 2017/2018
Electra,Cruisers Bicycles,639.99,2018,219,Electra Moto 3i - 2018
Electra,Cruisers Bicycles,639.99,2018,233,Electra Cruiser Lux Fat Tire 7D - 2018
Electra,Cruisers Bicycles,639.99,2018,246,Electra Townie Original 3i EQ Ladies' - 2018
Electra,Cruisers Bicycles,659.99,2017,70,Electra Amsterdam Original 3i - 2015/2017
Electra,Cruisers Bicycles,659.99,2017,82,Electra Amsterdam Original 3i Ladies' - 2017
Electra,Cruisers Bicycles,659.99,2018,245,Electra Townie Original 3i EQ - 2017/2018
Electra,Cruisers Bicycles,679.99,2018,226,Electra Townie Original 21D EQ - 2017/2018
Electra,Cruisers Bicycles,679.99,2018,243,Electra Townie Original 21D EQ Ladies' - 2018
Electra,Cruisers Bicycles,699.99,2018,242,Electra Townie Commute 8D Ladies' - 2018
Electra,Cruisers Bicycles,749.99,2018,215,Electra Queen of Hearts 3i - 2018
Electra,Cruisers Bicycles,749.99,2018,236,Electra Morningstar 3i Ladies' - 2018
Electra,Cruisers Bicycles,749.99,2018,238,Electra Townie Balloon 8D EQ - 2016/2017/2018
Electra,Cruisers Bicycles,749.99,2018,239,Electra Townie Balloon 8D EQ Ladies' - 2016/2017/2018
Electra,Cruisers Bicycles,749.99,2018,241,Electra Townie Commute 8D - 2018
Electra,Cruisers Bicycles,749.99,2018,249,Electra White Water 3i - 2018
Electra,Cruisers Bicycles,749.99,2018,254,Electra Townie Balloon 3i EQ - 2017/2018
Electra,Cruisers Bicycles,799.99,2017,77,Electra Glam Punk 3i Ladies' - 2017
Electra,Cruisers Bicycles,799.99,2018,260,Electra Townie Balloon 3i EQ Ladies' - 2018
Electra,Cruisers Bicycles,849.99,2018,237,Electra Relic 3i - 2018
Electra,Cruisers Bicycles,899.99,2018,214,Electra Tiger Shark 3i - 2018
Electra,Cruisers Bicycles,899.99,2018,216,Electra Super Moto 8i - 2018
Electra,Cruisers Bicycles,899.99,2018,234,Electra Daydreamer 3i Ladies' - 2018
Electra,Cruisers Bicycles,899.99,2018,235,Electra Koa 3i Ladies' - 2018
Electra,Cruisers Bicycles,899.99,2018,240,Electra Townie Commute 27D Ladies - 2018
Electra,Cruisers Bicycles,899.99,2018,255,Electra Townie Balloon 7i EQ Ladies' - 2017/2018
Electra,Cruisers Bicycles,899.99,2018,256,Electra Townie Commute 27D - 2018
Electra,Cruisers Bicycles,899.99,2018,257,Electra Amsterdam Fashion 3i Ladies' - 2017/2018
Electra,Cruisers Bicycles,899.99,2018,261,Electra Townie Balloon 7i EQ - 2018
Electra,Cruisers Bicycles,909.99,2018,217,Electra Straight 8 3i - 2018
Electra,Cruisers Bicycles,959.99,2018,225,Electra Delivery 3i - 2016/2017/2018
Electra,Cruisers Bicycles,1099.99,2017,81,Electra Amsterdam Fashion 7i Ladies' - 2017
Electra,Cruisers Bicycles,1199.99,2018,259,Electra Amsterdam Royal 8i Ladies - 2018
Electra,Cruisers Bicycles,1259.9,2018,258,Electra Amsterdam Royal 8i - 2017/2018
Electra,Cruisers Bicycles,2599.99,2018,250,Electra Townie Go! 8i - 2017/2018
Electra,Cruisers Bicycles,2599.99,2018,253,Electra Townie Go! 8i Ladies' - 2018
Electra,Cruisers Bicycles,2999.99,2018,251,Electra Townie Commute Go! - 2018
Electra,Cruisers Bicycles,2999.99,2018,252,Electra Townie Commute Go! Ladies' - 2018
Electra,Electric Bikes,2599.99,2018,192,Electra Townie Go! 8i - 2017/2018
Electra,Electric Bikes,2599.99,2018,195,Electra Townie Go! 8i Ladies' - 2018
Electra,Electric Bikes,2799.99,2018,191,Electra Loft Go! 8i - 2018
Electra,Electric Bikes,2999.99,2018,198,Electra Townie Commute Go! - 2018
Electra,Electric Bikes,2999.99,2018,199,Electra Townie Commute Go! Ladies' - 2018
Haro,Children Bicycles,209.99,2017,92,Haro Shredder 20 - 2017
Haro,Children Bicycles,209.99,2017,93,Haro Shredder 20 Girls - 2017
Haro,Children Bicycles,249.99,2017,94,Haro Shredder Pro 20 - 2017
Haro,Children Bicycles,329.99,2017,85,Haro Downtown 16 - 2017
Haro,Mountain Bikes,379.99,2017,37,Haro Flightline One ST - 2017
Haro,Mountain Bikes,539.99,2017,44,Haro SR 1.1 - 2017
Haro,Mountain Bikes,549.99,2017,38,Haro Flightline Two 26 Plus - 2017
Haro,Mountain Bikes,869.99,2017,45,Haro SR 1.2 - 2017
Haro,Mountain Bikes,1409.99,2017,46,Haro SR 1.3 - 2017
Haro,Mountain Bikes,1469.99,2017,41,Haro Shift R3 - 2017
Heller,Mountain Bikes,1320.99,2016,5,Heller Shagamaw Frame - 2016
Heller,Mountain Bikes,2599,2018,131,Heller Bloodhound Trail - 2018
Heller,Mountain Bikes,2599,2018,137,Heller Shagamaw GX1 - 2018
Pure Cycles,Cruisers Bicycles,429,2016,17,Pure Cycles Vine 8-Speed - 2016
Pure Cycles,Cruisers Bicycles,449,2016,18,Pure Cycles Western 3-Speed - Women's - 2015/2016
Pure Cycles,Cruisers Bicycles,449,2016,19,Pure Cycles William 3-Speed - 2016
Ritchey,Mountain Bikes,749.99,2016,2,Ritchey Timberwolf Frameset - 2016
Strider,Children Bicycles,89.99,2018,263,Strider Classic 12 Balance Bike - 2018
Strider,Children Bicycles,249.99,2018,264,Strider Sport 16 - 2018
Strider,Children Bicycles,289.99,2018,265,Strider Strider 20 Sport - 2018
Sun Bicycles,Children Bicycles,109.99,2017,84,Sun Bicycles Lil Kitt'n - 2017
Sun Bicycles,Comfort Bicycles,416.99,2017,107,Sun Bicycles Cruz 7 - 2017
Sun Bicycles,Comfort Bicycles,416.99,2017,109,Sun Bicycles Cruz 7 - Women's - 2017
Sun Bicycles,Comfort Bicycles,449.99,2017,106,Sun Bicycles Cruz 3 - 2017
Sun Bicycles,Comfort Bicycles,449.99,2017,108,Sun Bicycles Cruz 3 - Women's - 2017
Sun Bicycles,Comfort Bicycles,470.99,2017,110,Sun Bicycles Drifter 7 - 2017
Sun Bicycles,Comfort Bicycles,470.99,2017,111,Sun Bicycles Drifter 7 - Women's - 2017
Sun Bicycles,Comfort Bicycles,481.99,2017,104,Sun Bicycles Streamway - 2017
Sun Bicycles,Comfort Bicycles,533.99,2017,105,Sun Bicycles Streamway 7 - 2017
Sun Bicycles,Comfort Bicycles,551.99,2017,103,Sun Bicycles Streamway 3 - 2017
Sun Bicycles,Cruisers Bicycles,250.99,2017,66,Sun Bicycles Revolutions 24 - 2017
Sun Bicycles,Cruisers Bicycles,250.99,2017,67,Sun Bicycles Revolutions 24 - Girl's - 2017
Sun Bicycles,Cruisers Bicycles,346.99,2017,65,Sun Bicycles Lil Bolt Type-R - 2017
Sun Bicycles,Cruisers Bicycles,402.99,2017,79,Sun Bicycles Boardwalk (24-inch Wheels) - 2017
Sun Bicycles,Cruisers Bicycles,416.99,2017,69,Sun Bicycles Cruz 7 - 2017
Sun Bicycles,Cruisers Bicycles,416.99,2017,71,Sun Bicycles Atlas X-Type - 2017
Sun Bicycles,Cruisers Bicycles,449.99,2017,68,Sun Bicycles Cruz 3 - 2017
Sun Bicycles,Cruisers Bicycles,619.99,2017,72,Sun Bicycles Biscayne Tandem 7 - 2017
Sun Bicycles,Cruisers Bicycles,647.99,2017,78,Sun Bicycles Biscayne Tandem CB - 2017
Sun Bicycles,Cruisers Bicycles,749.99,2017,73,Sun Bicycles Brickell Tandem 7 - 2017
Sun Bicycles,Cruisers Bicycles,761.99,2017,80,Sun Bicycles Brickell Tandem CB - 2017
Sun Bicycles,Electric Bikes,1559.99,2017,60,Sun Bicycles ElectroLite - 2017
Sun Bicycles,Mountain Bikes,832.99,2017,35,Sun Bicycles Spider 3i - 2017
Surly,Cyclocross Bicycles,1549,2016,10,Surly Straggler - 2016
Surly,Cyclocross Bicycles,1549,2018,210,Surly Straggler - 2018
Surly,Cyclocross Bicycles,1549,2018,211,Surly Straggler 650b - 2018
Surly,Cyclocross Bicycles,1680.99,2016,11,Surly Straggler 650b - 2016
Surly,Mountain Bikes,469.99,2016,6,Surly Ice Cream Truck Frameset - 2016
Surly,Mountain Bikes,469.99,2017,33,Surly Wednesday Frameset - 2017
Surly,Mountain Bikes,469.99,2018,126,Surly Big Fat Dummy Frameset - 2018
Surly,Mountain Bikes,469.99,2018,127,Surly Pack Rat Frameset - 2018
Surly,Mountain Bikes,832.99,2017,36,Surly Troll Frameset - 2017
Surly,Mountain Bikes,999.99,2016,3,Surly Wednesday Frameset - 2016
Surly,Mountain Bikes,999.99,2017,27,Surly Big Dummy Frameset - 2017
Surly,Mountain Bikes,999.99,2017,30,Surly Ice Cream Truck Frameset - 2017
Surly,Mountain Bikes,1499,2018,124,Surly Krampus - 2018
Surly,Mountain Bikes,1632.99,2017,31,Surly Wednesday - 2017
Surly,Mountain Bikes,1899,2018,128,Surly ECR 27.5 - 2018
Surly,Mountain Bikes,2499.99,2017,28,Surly Karate Monkey 27.5+ Frameset - 2017
Surly,Mountain Bikes,2499.99,2018,121,Surly Krampus Frameset - 2018
Surly,Mountain Bikes,2499.99,2018,122,Surly Troll Frameset - 2018
Surly,Road Bikes,749.99,2017,53,Surly Ogre Frameset - 2017
Surly,Road Bikes,749.99,2018,167,Surly ECR Frameset - 2018
Surly,Road Bikes,875.99,2017,52,Surly Steamroller - 2017
Surly,Road Bikes,1349,2018,163,Surly Pack Rat - 2018
Surly,Road Bikes,1549,2018,164,Surly Straggler 650b - 2018
Surly,Road Bikes,1549,2018,168,Surly Straggler - 2018
Surly,Road Bikes,1899,2018,161,Surly ECR - 2018
Trek,Children Bicycles,149.99,2017,83,Trek Boy's Kickster - 2015/2017
Trek,Children Bicycles,149.99,2017,86,Trek Girl's Kickster - 2017
Trek,Children Bicycles,159.99,2018,268,Trek Kickster - 2018
Trek,Children Bicycles,189.99,2017,87,Trek Precaliber 12 Boys - 2017
Trek,Children Bicycles,189.99,2017,88,Trek Precaliber 12 Girls - 2017
Trek,Children Bicycles,199.99,2018,267,Trek Precaliber 12 Girl's - 2018
Trek,Children Bicycles,199.99,2018,269,Trek Precaliber 12 Boy's - 2018
Trek,Children Bicycles,209.99,2017,89,Trek Precaliber 16 Boys - 2017
Trek,Children Bicycles,209.99,2017,90,Trek Precaliber 16 Girls - 2017
Trek,Children Bicycles,209.99,2018,270,Trek Precaliber 16 Boy's - 2018
Trek,Children Bicycles,209.99,2018,271,Trek Precaliber 16 Girl's - 2018
Trek,Children Bicycles,229.99,2018,274,Trek Precaliber 20 Boy's - 2018
Trek,Children Bicycles,229.99,2018,275,Trek Precaliber 20 Girl's - 2018
Trek,Children Bicycles,249.99,2018,262,Trek MT 201 - 2018
Trek,Children Bicycles,289.99,2018,272,Trek Precaliber 20 6-speed Boy's - 2018
Trek,Children Bicycles,289.99,2018,273,Trek Precaliber 20 6-speed Girl's - 2018
Trek,Children Bicycles,319.99,2018,276,Trek Precaliber 24 (7-Speed) - Boys - 2018
Trek,Children Bicycles,319.99,2018,279,Trek Precaliber 24 7-speed Girl's - 2018
Trek,Children Bicycles,349.99,2017,91,Trek Precaliber 24 (21-Speed) - Girls - 2017
Trek,Children Bicycles,369.99,2018,277,Trek Precaliber 24 21-speed Boy's - 2018
Trek,Children Bicycles,369.99,2018,278,Trek Precaliber 24 21-speed Girl's - 2018
Trek,Children Bicycles,399.99,2018,266,Trek Superfly 20 - 2018
Trek,Children Bicycles,489.99,2018,280,Trek Superfly 24 - 2017/2018
Trek,Cyclocross Bicycles,1799.99,2018,208,Trek Crockett 5 Disc - 2018
Trek,Cyclocross Bicycles,2999.99,2018,209,Trek Crockett 7 Disc - 2018
Trek,Cyclocross Bicycles,3299.99,2018,206,Trek Boone 5 Disc - 2018
Trek,Cyclocross Bicycles,3499.99,2017,62,Trek Boone 7 - 2017
Trek,Cyclocross Bicycles,3499.99,2017,63,Trek Boone Race Shop Limited - 2017
Trek,Cyclocross Bicycles,3999.99,2018,207,Trek Boone 7 Disc - 2018
Trek,Electric Bikes,2299.99,2018,196,Trek Verve+ - 2018
Trek,Electric Bikes,2299.99,2018,197,Trek Verve+ Lowstep - 2018
Trek,Electric Bikes,2799.99,2018,185,Trek Conduit+ - 2018
Trek,Electric Bikes,2799.99,2018,187,Trek Neko+ - 2018
Trek,Electric Bikes,2799.99,2018,189,Trek Lift+ Lowstep - 2018
Trek,Electric Bikes,2799.99,2018,190,Trek Dual Sport+ - 2018
Trek,Electric Bikes,2799.99,2018,193,Trek Lift+ - 2018
Trek,Electric Bikes,2999.99,2016,9,Trek Conduit+ - 2016
Trek,Electric Bikes,3499.99,2018,188,Trek XM700+ Lowstep - 2018
Trek,Electric Bikes,3499.99,2018,194,Trek XM700+ - 2018
Trek,Electric Bikes,3499.99,2018,200,Trek Powerfly 5 - 2018
Trek,Electric Bikes,3499.99,2018,202,Trek Powerfly 5 Women's - 2018
Trek,Electric Bikes,3599.99,2018,204,Trek Super Commuter+ 7 - 2018
Trek,Electric Bikes,4499.99,2018,186,Trek CrossRip+ - 2018
Trek,Electric Bikes,4499.99,2018,201,Trek Powerfly 5 FS - 2018
Trek,Electric Bikes,4999.99,2017,61,Trek Powerfly 8 FS Plus - 2017
Trek,Electric Bikes,4999.99,2018,203,Trek Powerfly 7 FS - 2018
Trek,Electric Bikes,4999.99,2018,205,Trek Super Commuter+ 8S - 2018
Trek,Mountain Bikes,379.99,2016,1,Trek 820 - 2016
Trek,Mountain Bikes,379.99,2018,112,Trek 820 - 2018
Trek,Mountain Bikes,469.99,2017,32,Trek Farley Alloy Frameset - 2017
Trek,Mountain Bikes,469.99,2017,34,Trek Session DH 27.5 Carbon Frameset - 2017
Trek,Mountain Bikes,469.99,2018,119,Trek Kids' Neko - 2018
Trek,Mountain Bikes,469.99,2018,125,Trek Kids' Dual Sport - 2018
Trek,Mountain Bikes,489.99,2018,113,Trek Marlin 5 - 2018
Trek,Mountain Bikes,579.99,2018,114,Trek Marlin 6 - 2018
Trek,Mountain Bikes,749.99,2018,116,Trek Marlin 7 - 2017/2018
Trek,Mountain Bikes,919.99,2018,129,Trek X-Caliber 7 - 2018
Trek,Mountain Bikes,919.99,2018,130,Trek Stache Carbon Frameset - 2018
Trek,Mountain Bikes,999.99,2017,29,Trek X-Caliber 8 - 2017
Trek,Mountain Bikes,999.99,2018,118,Trek X-Caliber 8 - 2018
Trek,Mountain Bikes,999.99,2018,123,Trek Farley Carbon Frameset - 2018
Trek,Mountain Bikes,1469.99,2018,117,Trek Ticket S Frame - 2018
Trek,Mountain Bikes,1499.99,2017,39,Trek Stache 5 - 2017
Trek,Mountain Bikes,1499.99,2018,132,Trek Procal AL Frameset - 2018
Trek,Mountain Bikes,1499.99,2018,133,Trek Procaliber Frameset - 2018
Trek,Mountain Bikes,1499.99,2018,134,Trek Remedy 27.5 C Frameset - 2018
Trek,Mountain Bikes,1499.99,2018,135,Trek X-Caliber Frameset - 2018
Trek,Mountain Bikes,1599.99,2018,141,Trek Stache 5 - 2018
Trek,Mountain Bikes,1799.99,2016,8,Trek Remedy 29 Carbon Frameset - 2016
Trek,Mountain Bikes,1799.99,2018,136,Trek Procaliber 6 - 2018
Trek,Mountain Bikes,2249.99,2018,138,Trek Fuel EX 5 Plus - 2018
Trek,Mountain Bikes,2299.99,2017,42,Trek Fuel EX 5 27.5 Plus - 2017
Trek,Mountain Bikes,2499.99,2018,120,Trek Fuel EX 7 29 - 2018
Trek,Mountain Bikes,2899.99,2016,4,Trek Fuel EX 8 29 - 2016
Trek,Mountain Bikes,2999.99,2018,139,Trek Remedy 7 27.5 - 2018
Trek,Mountain Bikes,3199.99,2018,115,Trek Fuel EX 8 29 - 2018
Trek,Mountain Bikes,3199.99,2018,142,Trek Fuel EX 8 29 XT - 2018
Trek,Mountain Bikes,3999.99,2016,7,Trek Slash 8 27.5 - 2016
Trek,Mountain Bikes,4999.99,2017,40,Trek Fuel EX 9.8 29 - 2017
Trek,Mountain Bikes,4999.99,2018,140,Trek Remedy 9.8 27.5 - 2018
Trek,Mountain Bikes,5299.99,2017,43,Trek Fuel EX 9.8 27.5 Plus - 2017
Trek,Mountain Bikes,5299.99,2017,47,Trek Remedy 9.8 - 2017
Trek,Road Bikes,749.99,2018,166,Trek Domane AL 2 Women's - 2018
Trek,Road Bikes,749.99,2018,178,Trek Domane AL 2 - 2018
Trek,Road Bikes,919.99,2018,179,Trek Domane AL 3 - 2018
Trek,Road Bikes,919.99,2018,180,Trek Domane AL 3 Women's - 2018
Trek,Road Bikes,959.99,2018,158,Trek CrossRip 1 - 2018
Trek,Road Bikes,1099.99,2018,143,Trek Domane ALR 3 - 2018
Trek,Road Bikes,1299.99,2018,170,Trek CrossRip 2 - 2018
Trek,Road Bikes,1499.99,2017,48,Trek Emonda S 4 - 2017
Trek,Road Bikes,1549.99,2018,144,Trek Domane ALR 4 Disc - 2018
Trek,Road Bikes,1549.99,2018,151,Trek Domane ALR 4 Disc Women's - 2018
Trek,Road Bikes,1699.99,2019,316,Trek Checkpoint ALR 4 Women's - 2019
Trek,Road Bikes,1799.99,2018,145,Trek Domane ALR 5 Disc - 2018
Trek,Road Bikes,1799.99,2018,147,Trek Domane ALR 5 Gravel - 2018
Trek,Road Bikes,1999.99,2017,57,Trek Emonda S 5 - 2017
Trek,Road Bikes,1999.99,2019,317,Trek Checkpoint ALR 5 - 2019
Trek,Road Bikes,1999.99,2019,318,Trek Checkpoint ALR 5 Women's - 2019
Trek,Road Bikes,2199.99,2018,181,Trek Domane SL 5 - 2018
Trek,Road Bikes,2199.99,2018,183,Trek Domane SL 5 Women's - 2018
Trek,Road Bikes,2299.99,2018,159,Trek Emonda ALR 6 - 2018
Trek,Road Bikes,2499.99,2018,152,Trek Domane SL 5 Disc Women's - 2018
Trek,Road Bikes,2499.99,2018,165,Trek 1120 - 2018
Trek,Road Bikes,2499.99,2018,182,Trek Domane SL 5 Disc - 2018
Trek,Road Bikes,2599.99,2017,59,Trek Domane S 5 Disc - 2017
Trek,Road Bikes,2699.99,2017,55,Trek Domane S 6 - 2017
Trek,Road Bikes,2799.99,2019,319,Trek Checkpoint SL 5 Women's - 2019
Trek,Road Bikes,2999.99,2018,162,Trek Emonda SL 6 Disc - 2018
Trek,Road Bikes,3199.99,2017,54,Trek Domane SL Disc Frameset - 2017
Trek,Road Bikes,3199.99,2018,171,Trek Domane SL 6 - 2018
Trek,Road Bikes,3199.99,2018,172,Trek Domane ALR Disc Frameset - 2018
Trek,Road Bikes,3199.99,2018,173,Trek Domane ALR Frameset - 2018
Trek,Road Bikes,3199.99,2018,174,Trek Domane SLR Disc Frameset - 2018
Trek,Road Bikes,3199.99,2018,175,Trek Domane SLR Frameset - 2018
Trek,Road Bikes,3199.99,2018,176,Trek Madone 9 Frameset - 2018
Trek,Road Bikes,3199.99,2019,321,Trek Checkpoint ALR Frameset - 2019
Trek,Road Bikes,3499.99,2017,49,Trek Domane SL 6 - 2017
Trek,Road Bikes,3499.99,2018,184,Trek Domane SL 6 Disc - 2018
Trek,Road Bikes,3799.99,2019,320,Trek Checkpoint SL 6 - 2019
Trek,Road Bikes,4499.99,2018,150,Trek Emonda SL 7 - 2018
Trek,Road Bikes,4499.99,2018,160,Trek Emonda SLR 6 - 2018
Trek,Road Bikes,4999.99,2017,58,Trek Madone 9.2 - 2017
Trek,Road Bikes,4999.99,2018,146,Trek Domane SLR 6 - 2018
Trek,Road Bikes,4999.99,2018,153,Trek Domane SL 7 Women's - 2018
Trek,Road Bikes,5499.99,2017,56,Trek Domane SLR 6 Disc - 2017
Trek,Road Bikes,5499.99,2018,148,Trek Domane SL 8 Disc - 2018
Trek,Road Bikes,5499.99,2018,154,Trek Domane SLR 6 Disc Women's - 2018
Trek,Road Bikes,5499.99,2018,177,Trek Domane SLR 6 Disc - 2018
Trek,Road Bikes,5999.99,2017,50,Trek Silque SLR 7 Women's - 2017
Trek,Road Bikes,6499.99,2017,51,Trek Silque SLR 8 Women's - 2017
Trek,Road Bikes,6499.99,2018,156,Trek Domane SL Frameset - 2018
Trek,Road Bikes,6499.99,2018,157,Trek Domane SL Frameset Women's - 2018
Trek,Road Bikes,6499.99,2018,169,Trek Emonda SLR 8 - 2018
Trek,Road Bikes,7499.99,2018,149,Trek Domane SLR 8 Disc - 2018
Trek,Road Bikes,11999.99,2018,155,Trek Domane SLR 9 Disc - 2018
